id,battery_power,blue,clock_speed,dual_sim,fc,four_g,int_memory,m_dep,mobile_wt,n_cores,pc,px_height,px_width,ram,sc_h,sc_w,talk_time,three_g,touch_screen,wifi,price_range
2,841,1,0.5,1,4,1,61,0.8,191,5,12,746,857,3895,6,0,7,1,0,0,haute_gamme
6,1464,1,2.9,1,5,1,50,0.8,198,8,9,569,939,3506,10,7,3,1,1,1,haute_gamme
12,1343,0,2.9,0,2,1,34,0.8,171,3,6,235,1671,3911,15,8,8,1,1,1,haute_gamme
13,900,1,1.4,1,0,0,30,1.0,87,2,3,829,1893,439,6,2,20,1,0,0,haute_gamme
16,1846,1,1.0,0,5,1,53,0.7,106,8,7,185,1832,563,9,5,10,1,0,1,haute_gamme
19,1231,1,1.7,1,2,1,37,0.2,194,2,3,82,1771,3902,19,12,15,1,0,1,haute_gamme
25,1037,0,1.7,1,1,0,5,0.7,125,3,6,1194,1321,3862,17,4,7,1,1,0,haute_gamme
27,1858,0,3.0,1,0,0,17,0.6,124,4,1,575,1200,2427,16,11,13,1,1,0,haute_gamme
29,644,1,0.5,1,9,0,15,0.2,139,5,10,627,630,3836,10,9,10,1,0,1,haute_gamme
30,1024,1,1.6,1,0,1,38,0.8,81,2,0,129,1048,854,11,3,10,1,0,0,haute_gamme
33,1557,1,1.7,1,1,0,32,0.3,152,7,11,1407,1633,3048,17,11,7,1,0,0,haute_gamme
35,1074,1,1.2,0,0,0,45,0.8,193,3,6,1219,1904,874,11,7,2,1,0,0,haute_gamme
37,1280,0,0.9,1,4,1,8,0.6,96,6,5,753,1557,3309,17,16,8,1,0,1,haute_gamme
39,1165,0,0.9,0,4,0,40,0.9,150,2,11,313,528,3128,13,0,14,1,0,0,haute_gamme
42,822,1,1.4,1,2,0,43,0.3,189,8,7,645,851,2749,13,4,16,1,0,1,haute_gamme
50,1712,0,0.8,0,1,0,29,0.3,149,7,6,556,816,2693,7,1,5,1,1,0,haute_gamme
61,1907,1,1.1,1,1,0,22,0.1,80,8,4,502,1113,3586,11,2,6,1,0,1,haute_gamme
63,578,0,0.5,0,3,1,38,0.7,121,6,5,19,667,1431,5,0,7,1,0,0,haute_gamme
64,1634,1,2.3,1,2,1,39,0.4,164,1,7,386,636,2167,12,0,20,1,1,1,haute_gamme
66,660,0,0.6,0,5,1,47,0.1,83,3,6,49,1552,1986,8,0,15,1,1,0,haute_gamme
69,549,1,0.5,0,3,1,53,0.8,173,5,5,555,1386,1893,5,2,19,1,1,1,haute_gamme
72,1991,0,0.5,0,5,0,58,0.6,109,5,6,912,1660,1947,10,5,7,1,0,1,haute_gamme
74,1452,0,1.1,0,3,1,32,0.5,175,3,5,699,1704,3617,16,1,12,1,1,0,haute_gamme
76,1166,1,2.2,1,2,1,41,1.0,165,7,4,680,1078,482,19,11,11,1,1,1,haute_gamme
77,881,1,0.8,1,5,0,6,0.4,117,6,12,814,1015,2813,18,1,17,1,0,1,haute_gamme
78,1134,1,0.5,1,0,1,64,0.5,166,5,0,672,1597,661,13,7,20,1,0,0,haute_gamme
79,1031,1,2.0,1,1,1,20,0.7,177,1,4,450,911,2546,9,6,12,1,0,1,haute_gamme
80,1376,1,2.4,1,0,1,34,0.4,167,6,1,757,1371,3922,5,0,2,1,0,0,haute_gamme
81,1391,0,1.4,1,2,1,56,0.1,137,5,8,208,900,1199,15,8,10,1,1,1,haute_gamme
83,1075,1,1.9,0,0,0,36,0.6,127,4,3,1335,1427,3870,8,3,20,1,1,0,haute_gamme
85,1999,0,0.5,1,1,1,15,0.7,183,8,11,33,653,3840,19,17,12,1,0,1,haute_gamme
93,1663,1,0.6,1,0,0,17,0.7,152,4,2,532,886,2820,14,1,5,1,1,1,haute_gamme
101,559,1,0.5,1,0,1,24,0.8,103,4,5,537,627,2023,14,1,2,1,0,0,haute_gamme
105,697,0,0.6,1,0,1,34,0.1,114,4,6,325,610,1694,14,8,8,1,0,1,haute_gamme
110,769,1,0.5,1,1,1,30,0.8,190,3,9,470,1115,3976,12,10,11,1,0,1,haute_gamme
115,1363,0,1.6,1,3,1,2,0.9,159,7,6,912,1684,3239,11,5,11,1,0,0,haute_gamme
116,1376,1,2.8,0,3,1,38,0.1,195,2,4,492,1110,3628,13,2,13,1,0,0,haute_gamme
117,1981,1,0.5,0,2,0,19,0.4,123,7,3,605,769,3663,15,0,2,1,0,0,haute_gamme
122,955,0,0.5,1,0,0,62,0.4,151,1,1,261,538,3758,15,3,18,1,1,1,haute_gamme
124,1806,0,1.1,0,2,1,64,0.3,133,5,7,280,683,1809,7,6,6,1,1,1,haute_gamme
128,1573,1,3.0,1,3,1,24,1.0,125,8,5,703,911,2776,5,3,17,1,1,1,haute_gamme
129,557,0,0.5,0,0,1,23,0.5,197,5,1,1264,1682,3170,12,2,7,1,1,0,haute_gamme
131,1051,1,0.9,1,0,0,16,0.1,100,7,9,108,894,305,12,0,3,1,1,1,haute_gamme
133,1986,0,0.5,0,6,0,24,0.9,174,6,9,797,1061,1707,5,3,12,1,0,1,haute_gamme
134,591,1,0.7,0,1,0,21,0.1,185,6,7,361,555,2220,11,10,13,1,1,0,haute_gamme
135,1140,0,1.6,1,0,1,56,0.3,131,7,4,1049,1715,3130,6,5,9,1,0,1,haute_gamme
136,923,1,0.6,0,0,1,10,0.8,80,2,3,357,1718,1500,18,9,9,1,1,0,haute_gamme
137,1582,0,0.5,0,0,0,33,0.4,200,1,9,197,764,2145,9,7,18,1,1,1,haute_gamme
139,1251,1,3.0,1,3,1,54,0.8,83,5,4,806,1405,3863,6,1,14,1,1,0,haute_gamme
140,574,1,1.0,1,4,1,60,0.1,139,2,7,924,1498,2913,14,0,9,1,0,0,haute_gamme
141,948,1,0.5,1,5,1,60,0.2,116,2,10,223,1148,2094,12,7,15,1,1,1,haute_gamme
149,1045,1,1.6,0,0,1,58,0.2,177,4,12,1212,1772,2241,19,15,11,1,1,0,haute_gamme
150,1483,1,0.8,0,4,1,61,0.6,128,1,10,655,814,3843,11,8,20,1,0,1,haute_gamme
151,976,0,2.0,0,0,1,5,0.9,184,7,14,496,797,3261,8,2,6,1,1,1,haute_gamme
156,1307,1,0.5,0,0,1,4,0.3,132,4,1,82,1236,2565,8,4,19,1,1,1,haute_gamme
158,1496,1,1.3,1,0,0,42,0.9,124,2,5,264,995,3537,15,14,6,1,0,0,haute_gamme
159,1532,1,2.0,0,0,0,7,0.2,134,2,10,75,834,3449,5,4,7,1,1,1,haute_gamme
166,796,1,2.3,1,1,1,36,0.3,127,8,14,494,935,3932,5,1,5,1,1,1,haute_gamme
168,988,0,1.6,0,6,1,12,0.8,132,4,8,644,1291,376,9,1,17,1,0,1,haute_gamme
170,852,1,1.9,0,3,1,3,0.5,161,2,4,376,872,542,14,9,9,1,0,1,haute_gamme
171,607,1,0.8,0,1,1,18,0.2,146,7,3,151,532,550,12,1,12,1,0,1,haute_gamme
172,1765,0,0.5,0,0,0,24,0.4,135,1,0,450,830,791,5,1,4,1,0,1,haute_gamme
174,1577,0,2.6,1,0,0,55,0.5,109,5,0,1411,1718,609,6,0,20,1,1,1,haute_gamme
175,1153,1,0.5,1,5,0,14,0.2,135,5,6,742,1236,263,19,10,14,1,0,1,haute_gamme
176,651,1,0.7,0,0,0,35,0.4,113,7,5,1046,1414,2141,13,4,19,1,1,1,haute_gamme
178,1429,1,2.5,0,6,0,33,0.1,121,5,7,889,1846,403,11,6,18,1,1,1,haute_gamme
179,556,0,0.9,0,4,1,10,0.8,135,8,12,182,688,2040,13,12,2,1,0,0,haute_gamme
180,1735,1,2.7,0,5,1,21,0.1,126,3,8,282,1261,2597,16,12,8,1,0,1,haute_gamme
185,541,0,2.1,0,0,1,28,0.4,156,7,4,103,1039,2704,14,0,5,1,1,0,haute_gamme
188,683,0,0.5,1,0,1,9,0.8,186,7,3,1466,1754,1513,6,5,19,1,0,0,haute_gamme
190,1771,1,2.4,0,6,0,39,0.7,188,2,9,460,1203,794,9,1,16,1,1,1,haute_gamme
194,1384,0,1.3,1,3,1,62,0.4,153,1,5,1240,1393,3386,19,1,2,1,1,0,haute_gamme
196,1202,0,0.8,0,2,0,49,0.5,131,1,8,197,1435,1177,15,13,7,1,1,1,haute_gamme
200,1863,1,2.5,1,0,0,64,0.7,89,5,1,159,618,3201,5,4,19,1,1,0,haute_gamme
209,1715,1,2.1,0,5,0,11,0.4,100,3,10,314,1276,1018,16,5,8,1,1,1,haute_gamme
210,725,0,0.5,1,0,1,26,0.8,176,5,1,829,960,1370,7,6,9,1,1,1,haute_gamme
211,800,1,2.2,0,5,1,41,0.1,103,6,9,185,1008,2094,17,16,6,1,0,1,haute_gamme
213,1001,0,0.8,0,0,0,48,1.0,98,5,0,471,655,1485,10,2,11,1,1,1,haute_gamme
215,1378,1,2.5,1,4,1,52,0.5,184,3,7,13,641,3528,5,1,7,1,0,0,haute_gamme
218,987,1,1.2,1,1,0,20,0.9,108,6,5,237,1427,2811,7,4,17,1,0,0,haute_gamme
219,1698,0,0.5,0,6,1,21,0.1,196,7,7,614,1254,778,7,3,3,1,1,1,haute_gamme
225,1649,1,0.5,0,4,1,53,0.4,162,4,11,261,1316,361,12,7,19,1,1,1,haute_gamme
226,1157,1,2.6,1,4,0,4,0.9,149,7,6,878,1737,1453,17,10,9,1,0,0,haute_gamme
227,1702,0,0.5,0,1,1,54,0.4,131,5,2,1112,1578,359,13,12,5,1,1,0,haute_gamme
232,1364,1,1.6,1,6,1,44,0.1,174,7,8,615,1142,2741,9,3,18,1,0,1,haute_gamme
234,1384,1,2.2,1,0,0,49,0.7,189,1,0,725,1741,1387,13,3,13,1,1,1,haute_gamme
235,1037,0,2.9,1,2,0,57,0.7,83,6,5,749,965,3148,16,13,9,1,0,0,haute_gamme
239,1240,1,1.4,0,3,1,9,0.9,93,5,7,477,1319,3959,14,9,15,1,0,0,haute_gamme
243,703,1,2.4,0,1,1,27,0.1,138,1,6,47,1820,502,12,4,11,1,1,1,haute_gamme
244,959,1,1.0,0,5,1,15,0.4,119,5,9,121,934,3000,15,0,15,1,1,1,haute_gamme
245,1292,1,3.0,1,1,1,63,0.3,157,6,8,452,1309,1413,13,2,10,1,1,1,haute_gamme
247,1477,1,1.7,0,1,0,15,0.4,178,8,5,1381,1459,2684,18,13,8,1,1,1,haute_gamme
249,831,0,2.2,0,0,1,31,0.3,197,3,1,1460,1591,1629,8,1,5,1,1,0,haute_gamme
250,1803,0,1.1,1,1,1,41,0.2,146,2,10,102,613,1873,14,1,20,1,1,1,haute_gamme
251,1361,0,0.6,0,0,1,64,1.0,91,3,2,174,574,3751,18,6,19,1,1,0,haute_gamme
253,917,1,1.3,0,0,0,53,0.2,166,5,1,750,1339,603,12,6,7,1,0,1,haute_gamme
254,1278,1,0.5,1,2,0,7,1.0,192,5,3,319,587,3067,10,2,4,1,1,1,haute_gamme
257,1019,0,1.7,1,0,1,5,0.7,177,3,8,889,1840,1850,10,5,11,1,0,1,haute_gamme
258,1855,1,0.8,0,0,1,26,0.8,161,4,0,986,1339,3481,8,7,19,1,1,1,haute_gamme
261,1887,0,2.3,1,4,0,35,0.9,115,2,7,178,1275,3203,7,5,15,1,0,0,haute_gamme
262,1590,0,1.9,0,0,0,13,0.4,111,6,1,759,1187,2440,19,0,3,1,0,1,haute_gamme
263,603,1,2.7,0,0,1,42,0.2,135,8,0,746,754,1934,14,10,11,1,0,0,haute_gamme
266,1190,1,2.1,0,0,1,18,0.6,160,6,2,644,1070,3571,6,5,5,1,0,0,haute_gamme
268,1598,1,1.7,1,0,0,57,0.9,89,1,1,371,783,1663,14,9,14,1,0,1,haute_gamme
270,628,1,0.5,0,0,1,26,0.5,106,8,2,389,517,1853,13,10,12,1,1,1,haute_gamme
271,1883,0,0.7,1,1,0,6,0.9,145,6,4,123,1320,2067,8,0,9,1,0,1,haute_gamme
272,819,1,0.5,0,5,1,16,0.1,163,1,10,663,1788,3325,15,5,16,1,0,0,haute_gamme
273,651,0,1.6,1,0,1,7,0.6,129,1,6,1268,1423,2151,19,10,20,1,1,1,haute_gamme
276,1784,1,1.4,0,1,1,3,0.3,125,5,5,1424,1672,2110,10,5,8,1,0,1,haute_gamme
279,899,0,1.7,1,0,1,3,0.1,165,8,0,167,1239,1296,14,11,9,1,0,1,haute_gamme
280,896,0,0.8,0,3,0,29,0.5,91,6,10,135,820,1650,16,6,13,1,0,0,haute_gamme
283,786,0,1.8,1,2,0,28,0.5,198,1,7,3,1058,331,14,2,2,1,0,1,haute_gamme
287,1600,0,2.0,1,5,0,44,0.1,98,1,8,735,1205,2939,8,3,19,1,1,1,haute_gamme
293,1550,1,2.0,0,1,1,29,0.6,171,5,2,572,1499,3465,10,1,14,1,1,0,haute_gamme
295,1737,1,2.0,1,0,0,14,0.4,156,5,2,1028,1757,2363,8,0,10,1,0,1,haute_gamme
298,848,1,0.6,0,0,0,31,0.7,123,5,1,299,756,1108,15,6,18,1,1,0,haute_gamme
299,1430,1,2.0,1,0,1,16,0.2,171,4,1,696,757,2916,6,3,10,1,1,0,haute_gamme
303,1729,0,2.3,1,0,0,38,0.2,136,7,8,77,1910,700,8,2,7,1,1,1,haute_gamme
305,1210,1,2.3,0,0,0,63,0.9,141,6,4,51,1761,977,14,6,20,1,0,0,haute_gamme
306,1880,1,1.8,1,1,1,10,0.5,198,8,4,1664,1708,3538,19,16,17,1,0,1,haute_gamme
313,911,1,1.7,0,1,1,13,0.3,126,5,2,713,760,1843,13,6,11,1,0,1,haute_gamme
315,1899,0,0.5,1,0,1,55,0.3,93,4,0,1359,1981,1796,7,4,11,1,0,1,haute_gamme
316,1649,1,0.8,1,1,1,40,0.1,159,3,3,177,586,2755,15,9,3,1,0,1,haute_gamme
318,1074,0,0.7,0,0,1,61,0.6,117,4,11,305,1770,2791,7,1,12,1,0,1,haute_gamme
319,656,0,2.7,1,0,1,48,0.2,164,2,0,303,508,1132,5,0,14,1,0,0,haute_gamme
321,1632,1,1.1,0,2,1,45,0.8,132,4,3,22,1256,379,18,13,19,1,0,0,haute_gamme
324,1178,1,1.1,1,0,1,11,0.5,98,2,1,1549,1661,2106,17,10,4,1,0,1,haute_gamme
328,848,0,0.5,1,1,1,41,0.2,171,2,2,388,1015,3939,6,3,3,1,1,0,haute_gamme
330,803,1,2.2,1,0,0,16,0.1,105,1,0,199,736,1492,17,12,18,1,0,0,haute_gamme
331,1399,1,1.9,1,1,0,56,0.3,153,1,15,130,611,3128,17,2,19,1,1,0,haute_gamme
332,788,1,1.5,1,0,1,22,0.5,163,4,6,1114,1732,3750,13,10,12,1,0,1,haute_gamme
333,579,1,1.1,0,6,1,58,0.2,125,1,9,786,1685,1435,18,9,10,1,0,0,haute_gamme
334,1010,0,0.7,1,4,1,28,0.5,195,8,5,117,841,3302,14,2,7,1,1,0,haute_gamme
335,530,1,0.5,1,0,0,47,0.5,93,3,2,463,912,3455,19,8,2,1,1,1,haute_gamme
339,1709,0,2.2,1,1,1,13,0.6,191,6,6,74,516,3899,16,13,3,1,0,1,haute_gamme
340,1690,0,1.3,1,0,0,28,0.9,85,3,1,1304,1332,3571,18,2,6,1,0,1,haute_gamme
348,1248,1,2.1,1,2,1,12,0.1,170,2,3,328,1378,1266,11,0,6,1,1,0,haute_gamme
351,1372,0,0.6,0,3,1,42,0.7,124,6,10,68,1998,3208,18,5,9,1,1,1,haute_gamme
352,1429,1,1.0,0,7,0,11,0.7,150,4,8,436,813,1955,7,5,2,1,1,0,haute_gamme
358,918,1,2.7,0,7,0,25,0.9,149,7,8,178,1850,3676,6,2,2,1,0,1,haute_gamme
360,767,1,0.5,1,4,0,30,0.8,100,5,8,798,1955,3485,9,1,4,1,0,1,haute_gamme
362,1315,0,0.5,0,0,1,15,0.4,134,1,0,489,624,3928,8,4,8,1,0,1,haute_gamme
369,712,1,1.4,0,1,1,33,0.2,86,4,5,163,799,1471,15,0,10,1,0,0,haute_gamme
371,1850,1,2.8,0,0,0,18,0.1,132,8,3,633,1382,1853,15,0,9,1,1,0,haute_gamme
372,1472,1,0.7,1,4,1,41,1.0,145,3,6,242,619,1514,8,1,16,1,1,1,haute_gamme
373,1858,0,0.7,1,1,1,43,0.2,167,5,3,1154,1473,1886,9,3,7,1,1,1,haute_gamme
374,1543,1,2.6,1,0,1,46,0.8,116,8,13,48,679,3023,6,4,4,1,1,0,haute_gamme
378,1021,0,1.5,1,3,1,31,0.1,97,7,10,189,1327,1066,18,15,17,1,1,1,haute_gamme
382,1088,1,3.0,1,2,1,52,0.3,164,7,4,86,588,1447,19,16,15,1,1,1,haute_gamme
383,542,1,0.7,0,2,1,12,0.2,185,2,3,1674,1969,3445,17,2,4,1,1,1,haute_gamme
387,518,1,0.8,0,3,1,17,0.5,133,3,7,564,765,2239,7,3,7,1,1,1,haute_gamme
391,1679,1,1.5,0,2,1,4,0.1,133,4,3,349,531,1557,16,15,12,1,0,1,haute_gamme
395,1834,1,2.1,0,1,1,55,0.1,137,3,10,670,1179,2420,15,3,8,1,0,1,haute_gamme
399,518,1,2.7,0,0,1,45,0.7,159,6,15,564,739,1208,10,9,9,1,1,0,haute_gamme
400,1488,0,1.8,0,0,1,2,0.1,124,4,0,765,777,3349,17,6,2,1,0,0,haute_gamme
401,944,0,2.4,0,0,0,35,0.5,127,3,1,7,719,2804,9,4,10,1,1,0,haute_gamme
405,1883,1,2.6,0,2,1,50,0.1,169,5,3,313,561,427,17,8,10,1,0,1,haute_gamme
410,1370,1,0.6,1,0,1,56,0.5,124,6,3,919,1113,974,5,4,15,1,0,0,haute_gamme
412,1745,0,1.8,0,0,0,45,0.1,110,2,2,1070,1445,2352,11,9,16,1,0,1,haute_gamme
413,1187,0,0.6,1,0,1,4,0.7,92,8,0,709,1306,2518,14,12,20,1,1,1,haute_gamme
415,658,1,2.4,0,0,1,38,1.0,94,8,1,479,1300,2585,19,2,8,1,0,0,haute_gamme
416,1180,1,2.3,1,0,1,32,0.8,97,2,1,1603,1762,3504,17,7,10,1,1,1,haute_gamme
417,521,1,2.6,1,1,1,64,0.8,200,4,11,575,1089,834,6,5,12,1,1,1,haute_gamme
418,666,0,1.1,0,1,1,28,0.9,179,1,13,157,1466,3850,7,5,9,1,1,1,haute_gamme
419,805,1,1.5,0,0,0,25,0.3,174,2,3,522,553,1580,15,13,3,1,0,0,haute_gamme
420,1008,1,2.9,0,0,0,39,0.9,161,6,5,565,1228,3589,14,1,18,1,0,1,haute_gamme
421,986,0,2.8,0,0,1,26,0.1,80,8,9,0,1214,1316,7,5,8,1,0,0,haute_gamme
422,1655,0,2.0,0,0,0,23,0.6,192,2,1,586,641,1872,11,9,13,1,1,0,haute_gamme
423,1391,1,0.5,0,0,1,53,0.2,114,5,1,996,1521,1114,8,0,17,1,0,1,haute_gamme
426,681,0,2.6,0,1,0,29,0.9,162,3,7,1262,1332,575,15,5,4,1,1,1,haute_gamme
427,1224,1,1.1,1,1,1,34,1.0,138,6,3,1545,1751,2992,13,5,3,1,1,0,haute_gamme
435,1472,0,0.5,0,3,1,53,0.7,103,1,4,438,690,2001,14,0,14,1,1,1,haute_gamme
438,1101,1,2.9,1,3,0,5,0.5,141,5,7,90,642,1567,15,2,11,1,1,0,haute_gamme
442,1688,1,0.8,0,0,0,14,0.9,118,1,2,48,1425,1773,13,0,18,1,1,1,haute_gamme
444,876,1,1.1,0,2,1,48,0.9,196,2,3,524,1225,630,17,9,18,1,0,1,haute_gamme
447,1959,1,2.7,0,0,1,2,0.2,92,3,11,992,1418,2125,14,7,8,1,1,0,haute_gamme
449,1465,1,2.9,0,0,0,38,0.3,88,1,7,478,613,1162,14,10,10,1,1,1,haute_gamme
450,1030,0,0.9,0,6,1,29,0.1,113,1,7,174,624,3762,5,4,12,1,0,0,haute_gamme
452,744,1,2.2,0,6,1,52,0.9,196,4,7,268,600,1571,7,5,18,1,1,1,haute_gamme
454,690,0,0.5,0,2,0,62,0.3,88,1,9,633,1240,3206,16,10,19,1,0,0,haute_gamme
456,590,0,2.3,1,2,0,30,0.3,178,3,14,486,825,1188,18,11,14,1,0,1,haute_gamme
457,1266,1,1.0,0,0,1,2,0.7,87,7,1,640,1357,3067,11,10,16,1,0,1,haute_gamme
459,1893,1,1.5,1,0,1,42,0.5,179,1,3,1133,1851,1425,19,1,10,1,0,0,haute_gamme
463,717,0,1.8,0,1,1,25,0.4,173,5,8,668,1587,3631,6,5,6,1,0,1,haute_gamme
470,1519,0,0.5,0,0,1,36,0.6,93,8,2,661,1852,3082,18,11,9,1,0,0,haute_gamme
472,881,1,2.8,0,1,0,36,0.5,167,1,6,1381,1444,2354,19,10,5,1,1,1,haute_gamme
473,1018,0,0.6,1,0,1,25,0.8,152,7,2,292,616,732,12,8,13,1,1,0,haute_gamme
477,560,1,2.4,0,4,1,5,0.3,106,1,8,1338,1386,2050,18,13,6,1,0,0,haute_gamme
478,1719,0,2.1,0,0,1,63,0.7,189,7,2,589,1637,1669,14,0,13,1,0,1,haute_gamme
480,1408,1,1.8,0,1,0,59,0.8,168,1,2,716,1470,342,8,0,8,1,0,1,haute_gamme
481,701,1,0.8,0,3,0,53,0.2,87,4,7,1063,1149,1972,9,8,5,1,0,0,haute_gamme
483,695,1,1.0,0,4,0,51,0.8,93,5,5,174,538,2463,7,2,4,1,1,1,haute_gamme
488,1490,1,1.1,0,2,0,10,0.6,130,2,7,1357,1826,2994,16,1,8,1,0,1,haute_gamme
489,1859,0,0.5,0,0,1,52,1.0,187,1,2,651,966,1604,15,12,10,1,0,0,haute_gamme
495,1943,0,0.5,1,0,1,29,0.4,121,1,1,440,1126,1990,5,2,11,1,1,1,haute_gamme
496,1082,1,0.9,0,4,1,24,0.9,167,7,9,425,761,1428,16,0,12,1,1,0,haute_gamme
498,654,1,1.5,1,2,0,56,0.7,122,1,4,441,520,2609,7,2,16,1,1,1,haute_gamme
499,1948,1,0.7,0,2,0,31,0.4,122,2,7,968,1208,2070,5,3,5,1,0,1,haute_gamme
500,1242,0,1.8,1,4,1,56,0.1,122,1,8,753,1785,2620,18,11,3,1,0,1,haute_gamme
501,1453,1,0.5,0,0,0,24,0.3,156,1,1,29,1055,1619,11,5,11,1,0,1,haute_gamme
502,1948,1,2.7,0,3,1,13,0.2,164,7,12,336,587,493,18,7,18,1,1,1,haute_gamme
503,1232,0,0.9,0,5,0,58,1.0,142,6,6,1062,1393,2334,14,8,13,1,0,1,haute_gamme
507,1899,1,0.5,0,4,1,28,0.1,95,5,7,781,1418,499,5,3,15,1,0,1,haute_gamme
510,1346,0,2.6,1,5,0,31,0.3,140,4,11,17,785,1287,10,6,14,1,0,1,haute_gamme
511,958,1,2.4,0,1,0,54,0.9,166,7,2,121,630,3324,11,10,18,1,0,1,haute_gamme
513,1176,1,2.3,0,0,0,56,0.7,103,2,1,93,518,2974,6,5,11,1,0,1,haute_gamme
515,1911,0,1.1,1,3,1,16,0.7,154,7,4,236,1568,3665,14,12,4,1,1,0,haute_gamme
517,972,1,1.6,0,2,0,64,0.1,85,1,9,550,890,2759,13,7,10,1,0,0,haute_gamme
518,1256,0,0.5,0,3,0,8,0.4,191,1,9,396,644,2991,7,6,19,1,1,0,haute_gamme
519,1846,0,1.3,1,0,0,35,0.7,107,6,0,1336,1432,581,16,4,10,1,0,1,haute_gamme
520,1900,0,1.4,0,0,0,41,0.4,112,8,1,342,778,3611,14,1,6,1,0,0,haute_gamme
522,756,0,1.0,0,0,0,33,0.2,177,1,3,506,573,3402,19,0,3,1,1,0,haute_gamme
523,1728,0,2.3,1,0,1,43,0.7,152,1,0,1029,1535,3480,11,8,20,1,1,0,haute_gamme
524,1970,0,2.9,0,3,1,9,0.2,163,2,7,110,1454,768,13,2,16,1,0,0,haute_gamme
528,1959,1,0.5,0,0,0,30,0.1,153,3,1,901,1027,3057,14,1,18,1,0,0,haute_gamme
529,1394,0,0.6,0,1,0,63,0.4,103,6,2,1152,1245,1731,19,18,16,1,0,0,haute_gamme
530,1715,1,2.5,1,2,1,30,0.9,134,7,3,1853,1971,768,19,9,15,1,0,0,haute_gamme
532,1607,1,0.5,1,2,1,29,0.7,105,2,9,243,1234,3469,10,1,15,1,0,0,haute_gamme
533,1171,1,2.8,0,8,1,47,0.4,192,1,11,371,674,3092,8,2,5,1,0,1,haute_gamme
534,1138,0,1.5,1,0,0,57,0.2,85,4,6,1315,1569,313,16,11,20,1,1,0,haute_gamme
537,740,0,3.0,1,0,1,47,0.7,166,3,5,417,596,3578,15,5,20,1,1,1,haute_gamme
539,1745,1,1.2,0,3,1,21,0.2,89,3,14,202,1670,3507,18,1,20,1,1,1,haute_gamme
543,812,0,0.5,1,1,1,17,0.6,182,7,11,595,891,3248,13,10,14,1,0,0,haute_gamme
544,987,1,2.9,0,0,1,63,0.3,154,7,6,150,1623,2646,12,1,6,1,1,1,haute_gamme
545,977,1,0.7,0,5,0,50,0.5,106,3,6,1124,1758,3454,15,14,19,1,0,1,haute_gamme
551,1613,0,1.3,0,1,1,24,0.4,195,2,5,1141,1590,3733,15,5,5,1,0,1,haute_gamme
553,1913,1,2.8,0,0,1,7,0.3,136,4,16,612,1108,3227,6,0,4,1,0,1,haute_gamme
554,1302,0,0.5,0,3,1,20,0.6,184,7,7,1099,1202,1446,8,6,16,1,0,1,haute_gamme
557,1411,1,2.6,0,0,0,61,0.3,165,5,3,1128,1959,483,16,5,4,1,1,0,haute_gamme
558,1502,1,2.2,1,0,1,16,0.5,187,5,1,492,750,3712,9,2,16,1,1,1,haute_gamme
561,1315,1,0.9,0,3,1,40,0.6,162,6,6,1272,1316,3431,8,2,20,1,1,0,haute_gamme
563,1604,1,0.5,1,0,1,63,0.8,169,5,1,399,1360,3870,16,13,19,1,1,1,haute_gamme
569,1189,1,2.5,0,4,1,20,0.3,171,7,9,1321,1717,2509,17,7,15,1,0,0,haute_gamme
570,1130,1,1.3,1,1,1,59,0.8,98,6,4,185,555,3785,17,4,5,1,0,1,haute_gamme
572,727,1,0.5,1,0,1,42,0.1,163,8,1,44,757,2039,5,0,19,1,1,1,haute_gamme
574,1275,0,0.5,0,1,0,44,0.6,136,8,2,11,1130,1354,7,5,11,1,0,0,haute_gamme
575,1108,1,2.2,1,3,1,37,0.4,143,5,14,97,706,3094,6,1,10,1,0,1,haute_gamme
577,1464,0,0.5,1,1,1,6,0.4,97,5,2,303,701,3725,9,1,6,1,0,0,haute_gamme
578,750,1,1.3,0,0,0,33,0.8,156,1,0,645,1680,1422,6,5,7,1,1,0,haute_gamme
580,1229,1,0.5,0,2,0,42,0.1,197,5,5,126,666,1712,11,9,15,1,1,1,haute_gamme
583,652,0,0.5,0,6,0,3,0.6,193,1,8,1036,1345,2807,19,17,13,1,0,1,haute_gamme
586,583,0,0.5,1,1,1,62,0.8,84,8,6,717,1717,886,13,2,13,1,1,0,haute_gamme
587,941,0,1.3,1,3,0,26,0.4,128,3,5,994,1494,2875,6,3,11,1,0,1,haute_gamme
589,1581,1,1.4,0,0,1,55,0.6,138,2,1,890,1980,3936,5,1,3,1,0,0,haute_gamme
591,1308,1,0.5,1,0,0,34,0.5,169,5,0,432,1219,386,8,0,16,1,0,1,haute_gamme
595,1275,0,0.5,1,5,0,24,0.3,184,2,11,299,1239,3397,19,15,19,1,1,1,haute_gamme
597,510,0,1.3,1,0,1,15,0.5,131,1,1,268,1505,2187,5,4,17,1,0,1,haute_gamme
598,1038,1,1.8,0,1,1,42,0.2,150,6,11,79,1186,3984,14,9,20,1,0,0,haute_gamme
603,1021,1,0.9,1,2,1,9,0.5,184,8,4,490,1647,773,13,2,14,1,1,1,haute_gamme
604,1334,0,1.2,1,0,0,35,0.1,199,2,1,158,971,1038,16,14,17,1,0,0,haute_gamme
605,1153,1,0.5,0,2,1,34,0.6,133,3,3,1788,1886,2225,9,8,8,1,0,1,haute_gamme
606,1138,1,1.8,1,0,1,51,0.3,172,4,2,1162,1794,1327,13,12,4,1,1,1,haute_gamme
613,1194,1,2.2,1,3,0,3,0.2,90,5,8,46,1288,2872,6,5,13,1,1,0,haute_gamme
614,520,0,0.6,1,2,1,44,0.6,127,3,9,12,914,3616,15,4,18,1,0,0,haute_gamme
618,1210,0,1.3,0,0,1,52,0.1,183,8,1,567,579,1104,11,2,10,1,0,1,haute_gamme
620,1938,1,1.4,1,4,0,60,0.4,171,2,7,76,1084,3691,9,5,3,1,1,0,haute_gamme
623,1842,1,0.5,0,0,1,19,0.2,147,3,0,565,709,585,11,3,19,1,0,0,haute_gamme
628,1371,0,0.5,0,0,1,57,0.8,108,4,5,352,810,286,11,9,9,1,0,0,haute_gamme
630,630,0,2.2,0,1,0,56,0.2,119,8,10,1329,1445,1317,6,5,12,1,1,0,haute_gamme
631,1507,0,3.0,0,0,1,54,0.3,112,6,9,346,1511,3547,17,6,18,1,0,1,haute_gamme
632,735,1,0.5,1,4,1,17,0.6,131,2,6,610,1283,2484,11,2,3,1,0,0,haute_gamme
633,941,0,2.5,0,1,1,41,0.3,117,8,4,652,1855,1791,7,4,10,1,0,1,haute_gamme
634,1216,0,1.7,1,1,0,26,0.7,116,3,4,957,1811,3607,10,0,17,1,0,0,haute_gamme
637,1962,1,0.7,1,1,1,18,0.9,159,7,6,282,507,2026,10,3,15,1,0,1,haute_gamme
639,1078,1,2.5,0,3,0,56,0.6,158,2,6,257,1986,3471,10,2,2,1,0,0,haute_gamme
643,1657,1,1.9,0,1,1,40,0.2,170,3,6,518,1723,841,13,10,13,1,0,1,haute_gamme
646,1923,0,0.5,0,2,1,13,0.7,147,2,4,927,1623,1868,11,6,3,1,1,0,haute_gamme
647,613,0,2.5,0,0,0,53,0.4,200,8,0,519,586,1509,19,18,13,1,1,1,haute_gamme
649,519,1,2.9,0,2,0,3,0.6,83,3,5,491,1527,1231,8,6,16,1,1,1,haute_gamme
653,1403,1,0.5,0,4,1,42,0.5,144,8,9,1156,1252,1381,12,7,3,1,0,1,haute_gamme
656,1141,1,2.9,1,1,1,2,1.0,92,2,4,456,1387,3386,6,0,11,1,0,0,haute_gamme
658,1260,0,1.9,1,3,0,60,0.9,85,2,6,973,1109,3964,15,8,18,1,0,1,haute_gamme
659,1281,0,3.0,1,2,1,6,0.6,191,2,9,363,811,2713,13,7,4,1,1,0,haute_gamme
660,1208,0,2.7,0,0,0,17,0.2,168,2,1,1686,1793,2165,9,1,19,1,1,1,haute_gamme
663,1333,1,1.8,1,1,0,45,0.6,128,5,5,557,1716,2585,7,1,13,1,1,1,haute_gamme
668,1153,1,2.8,1,0,1,62,0.2,94,5,0,186,1279,3353,7,5,10,1,0,0,haute_gamme
670,1131,1,0.8,0,0,1,27,0.9,162,5,16,487,870,503,12,5,19,1,1,0,haute_gamme
671,1764,1,1.2,0,0,1,8,1.0,125,3,1,180,1443,2406,19,18,18,1,0,1,haute_gamme
672,1544,0,1.0,1,2,1,64,0.3,193,1,6,595,675,1715,8,0,16,1,1,1,haute_gamme
673,844,1,0.7,0,3,1,22,0.9,172,7,4,241,926,2179,10,6,6,1,1,1,haute_gamme
674,985,1,0.5,1,4,1,5,0.8,158,8,9,19,1496,3071,14,4,16,1,1,0,haute_gamme
676,1906,0,0.9,1,3,0,14,0.5,114,4,12,199,867,3375,6,3,19,1,0,1,haute_gamme
679,716,1,1.3,1,0,1,56,0.7,167,1,2,390,722,3947,6,3,5,1,1,1,haute_gamme
680,676,0,1.0,0,1,1,54,0.8,182,5,2,805,1710,2650,5,0,3,1,0,0,haute_gamme
681,1770,1,2.0,0,8,0,12,0.8,118,2,9,57,891,3816,8,4,19,1,0,0,haute_gamme
685,553,1,0.5,1,2,1,8,0.5,153,4,3,525,1601,1042,15,11,15,1,0,1,haute_gamme
690,1517,0,1.6,1,0,1,42,0.7,101,3,1,483,1814,2162,9,0,18,1,1,0,haute_gamme
692,1425,1,1.2,0,4,1,37,0.7,135,7,6,666,1220,2786,17,1,19,1,0,0,haute_gamme
693,547,0,2.4,1,4,1,3,0.4,197,8,5,98,1506,1972,11,5,3,1,1,0,haute_gamme
695,1804,1,0.5,0,1,1,4,0.5,111,1,13,1235,1255,3286,17,8,17,1,0,0,haute_gamme
696,685,0,2.2,1,2,1,2,0.4,172,3,6,295,558,1282,7,6,10,1,1,1,haute_gamme
700,1184,1,2.1,0,2,1,33,0.5,199,8,5,483,1598,2828,6,4,15,1,1,1,haute_gamme
704,744,0,0.5,0,1,0,38,0.3,188,3,5,846,1701,2001,15,13,17,1,1,0,haute_gamme
705,1408,1,2.0,1,1,1,59,0.9,172,6,3,744,1211,393,15,11,16,1,0,1,haute_gamme
706,734,1,2.7,1,1,1,32,0.8,93,8,5,138,1042,714,13,7,16,1,0,1,haute_gamme
707,500,0,1.4,0,0,0,28,0.4,128,3,1,1010,1854,3460,9,3,3,1,1,1,haute_gamme
716,1946,0,0.5,0,0,1,39,0.4,112,5,1,198,1045,533,18,14,17,1,1,1,haute_gamme
719,1938,0,2.9,0,0,1,37,1.0,94,4,1,1001,1714,3881,5,1,14,1,1,0,haute_gamme
725,1742,0,1.4,1,3,1,20,0.1,134,8,6,392,831,1828,18,7,13,1,1,1,haute_gamme
726,1181,1,0.8,1,0,1,51,0.9,198,5,5,71,586,608,15,10,19,1,0,0,haute_gamme
728,1315,1,0.5,1,0,1,58,0.8,86,2,3,245,1064,2258,17,2,16,1,1,0,haute_gamme
729,649,0,2.9,0,0,0,38,0.5,130,1,10,893,1185,558,8,4,11,1,1,1,haute_gamme
730,1967,1,0.6,0,2,0,25,1.0,109,6,9,108,751,1666,9,7,18,1,1,1,haute_gamme
734,1651,0,0.5,0,1,1,57,0.2,193,1,6,697,924,3421,9,0,15,1,1,1,haute_gamme
735,1154,1,1.7,0,5,1,42,0.5,117,5,7,1068,1851,3950,17,14,19,1,1,0,haute_gamme
737,1933,0,0.5,1,0,0,63,0.4,181,8,6,242,668,3142,14,3,16,1,1,1,haute_gamme
739,534,1,1.5,1,3,1,3,0.3,89,1,8,45,517,2987,18,0,16,1,0,1,haute_gamme
742,1888,1,2.7,0,1,1,53,0.1,146,4,3,81,630,1604,10,6,6,1,1,1,haute_gamme
743,1540,0,1.0,0,4,1,40,0.4,162,5,7,93,1644,793,12,7,3,1,0,0,haute_gamme
744,1590,1,2.4,0,5,0,15,0.9,157,8,6,945,1015,1983,13,10,11,1,0,0,haute_gamme
748,723,1,1.9,1,0,1,10,0.5,159,1,3,303,779,2380,12,4,16,1,0,0,haute_gamme
749,543,0,0.9,0,3,1,6,0.4,91,1,9,272,1317,564,8,5,12,1,0,1,haute_gamme
753,645,1,2.9,1,3,0,5,0.1,185,3,6,446,1573,1315,11,1,4,1,0,0,haute_gamme
754,1654,0,2.0,0,2,0,58,0.7,119,7,3,460,1733,2801,8,0,5,1,0,0,haute_gamme
755,1156,1,2.3,1,0,1,3,1.0,95,2,0,1094,1518,3786,11,1,2,1,1,0,haute_gamme
761,1564,0,1.7,0,5,0,35,0.9,173,4,6,186,1210,2545,18,6,4,1,1,1,haute_gamme
762,1787,0,1.1,0,4,0,11,0.4,103,7,9,35,757,541,14,11,13,1,1,1,haute_gamme
765,1859,0,0.5,1,0,1,47,0.1,85,7,0,35,1706,2691,14,13,19,1,0,1,haute_gamme
767,1597,0,0.9,1,2,1,10,0.6,172,7,5,1455,1670,2138,12,7,18,1,0,0,haute_gamme
773,1363,1,2.6,1,1,1,39,0.2,129,5,2,550,1248,267,6,1,15,1,1,0,haute_gamme
774,1570,1,2.8,0,0,1,18,0.4,148,5,13,509,544,3153,6,2,7,1,1,1,haute_gamme
778,981,1,0.5,1,1,0,15,0.5,159,5,10,74,1485,1831,17,10,7,1,1,1,haute_gamme
779,1920,1,2.5,0,6,1,8,0.4,194,1,7,588,1125,2099,10,5,4,1,1,1,haute_gamme
782,1371,0,2.8,1,2,1,19,0.6,94,4,3,1023,1676,1767,6,1,8,1,0,1,haute_gamme
786,1371,1,2.1,1,0,0,3,0.3,173,2,12,35,785,2202,15,14,5,1,1,1,haute_gamme
787,782,0,1.1,0,0,1,38,0.4,199,7,2,349,1910,2753,14,13,20,1,0,1,haute_gamme
791,1754,0,1.6,0,0,0,15,0.1,166,5,1,318,1810,1966,12,7,7,1,0,0,haute_gamme
792,1329,0,1.0,0,3,1,42,0.1,144,7,4,579,896,774,14,8,10,1,1,1,haute_gamme
796,1146,0,0.5,1,4,1,21,0.5,152,7,6,841,994,1182,15,2,19,1,0,0,haute_gamme
798,1140,1,0.9,1,0,0,40,0.1,119,3,1,211,555,3386,13,4,2,1,0,0,haute_gamme
799,1091,1,1.8,1,4,0,8,0.5,100,3,8,650,922,3626,5,0,14,1,1,1,haute_gamme
801,1038,0,1.0,0,2,0,28,0.2,154,4,6,1019,1246,3913,11,1,16,1,1,0,haute_gamme
806,674,1,2.4,0,5,0,49,0.6,130,1,9,4,1936,2179,8,0,20,1,1,0,haute_gamme
807,1591,1,2.4,0,4,0,3,0.5,192,8,5,669,700,615,19,6,12,1,0,1,haute_gamme
809,572,0,2.8,0,4,1,35,0.2,99,6,5,563,1539,3106,12,1,16,1,0,0,haute_gamme
813,1450,1,2.4,0,2,1,45,0.6,83,5,8,221,648,941,13,12,7,1,0,1,haute_gamme
814,1629,1,2.3,0,4,0,48,0.4,121,1,8,1260,1634,2532,5,4,14,1,0,0,haute_gamme
816,575,1,1.1,0,2,0,10,0.2,163,5,11,615,1825,2956,17,7,20,1,0,1,haute_gamme
818,1057,1,0.5,0,4,1,42,0.7,112,7,7,809,824,2688,6,3,3,1,0,0,haute_gamme
821,974,0,2.1,0,1,1,17,0.7,162,4,3,346,514,1901,16,0,9,1,0,1,haute_gamme
824,1724,0,2.0,1,1,0,21,0.2,105,2,8,102,1609,695,16,0,12,1,1,0,haute_gamme
825,1886,1,1.6,0,0,1,47,0.1,180,5,6,362,1606,3287,12,3,17,1,0,1,haute_gamme
827,1036,0,1.4,1,6,1,37,0.5,184,7,10,416,523,3864,5,2,13,1,1,1,haute_gamme
833,1055,1,3.0,1,1,0,56,0.6,111,7,8,806,861,1532,5,0,13,1,0,0,haute_gamme
834,805,1,2.4,1,2,0,59,0.7,110,1,3,900,1984,2917,12,2,20,1,1,0,haute_gamme
836,1130,0,0.6,0,5,0,51,0.5,175,8,12,296,585,2098,5,2,18,1,0,0,haute_gamme
839,1191,1,1.7,0,1,0,7,0.4,102,3,2,1354,1418,2734,18,5,15,1,1,0,haute_gamme
840,922,0,2.7,1,0,1,3,0.5,100,4,0,253,1364,3910,18,8,10,1,0,0,haute_gamme
841,966,1,0.5,0,3,0,37,0.7,123,3,7,1390,1896,817,6,5,20,1,0,0,haute_gamme
848,1911,1,1.1,0,3,0,25,0.4,106,5,12,426,659,1251,11,0,2,1,0,0,haute_gamme
849,1170,1,2.2,0,4,1,63,0.7,83,1,5,442,1905,2658,11,10,11,1,0,1,haute_gamme
851,1709,0,0.5,0,0,1,55,0.8,144,3,3,235,1310,3124,15,7,19,1,1,0,haute_gamme
852,1904,0,0.8,1,2,1,27,0.6,198,6,7,1102,1442,2387,5,4,19,1,0,1,haute_gamme
856,1270,0,0.5,0,1,1,62,0.5,142,4,2,566,695,3747,18,13,8,1,0,1,haute_gamme
857,1246,0,1.6,1,0,0,52,0.6,187,8,4,522,818,552,7,3,8,1,1,1,haute_gamme
861,1951,0,2.1,0,5,0,22,0.5,132,6,6,1044,1663,945,16,5,4,1,0,1,haute_gamme
862,822,0,1.1,1,2,0,44,0.9,146,2,4,269,527,3288,8,5,17,1,1,0,haute_gamme
868,1670,0,0.5,0,1,1,33,0.9,127,2,3,185,807,1830,5,0,6,1,1,1,haute_gamme
875,1255,0,1.1,0,0,1,34,0.2,85,3,1,118,722,1749,19,17,8,1,1,1,haute_gamme
876,1252,1,2.6,1,1,1,43,0.8,124,1,3,153,538,2447,18,15,11,1,0,0,haute_gamme
877,1471,1,2.0,0,0,1,54,0.7,127,8,0,193,1134,3315,17,1,4,1,0,1,haute_gamme
878,914,1,2.3,1,0,1,47,0.5,119,3,3,727,796,3402,14,10,5,1,0,1,haute_gamme
879,1439,1,2.6,1,3,1,14,0.3,101,8,6,686,716,763,5,3,4,1,0,0,haute_gamme
881,1025,1,1.9,0,3,1,38,0.7,138,7,5,108,1238,3530,5,0,11,1,1,0,haute_gamme
885,1791,1,2.3,0,5,0,29,0.9,196,1,6,1039,1602,2500,10,7,2,1,1,0,haute_gamme
888,927,0,1.2,1,2,1,22,0.1,162,2,3,1106,1692,3741,7,4,5,1,0,1,haute_gamme
898,660,1,0.7,1,3,0,12,0.4,161,8,14,506,799,3549,19,18,12,1,0,1,haute_gamme
899,1955,1,1.4,0,1,0,30,0.2,91,6,2,220,759,2340,9,0,12,1,1,1,haute_gamme
908,854,1,2.6,1,1,1,45,0.5,162,6,12,49,1146,2317,12,5,18,1,1,1,haute_gamme
911,1370,0,2.9,0,2,1,24,0.3,100,5,3,804,992,1672,10,4,4,1,0,0,haute_gamme
917,1691,0,0.5,0,0,0,24,0.3,119,1,3,762,1643,2900,16,5,19,1,0,0,haute_gamme
923,1062,1,2.9,1,3,1,12,0.3,152,2,10,1041,1280,3664,9,6,4,1,1,1,haute_gamme
924,732,1,0.5,0,1,1,7,0.4,113,6,2,367,968,1423,13,2,19,1,1,1,haute_gamme
925,781,1,0.9,1,0,0,62,0.1,94,2,1,1117,1667,1442,9,0,16,1,0,1,haute_gamme
927,1480,1,0.9,0,0,0,62,0.9,199,1,0,464,868,1780,18,14,4,1,1,1,haute_gamme
930,898,0,2.7,0,0,0,16,0.2,81,4,4,139,1660,2286,5,0,4,1,0,0,haute_gamme
931,1662,0,0.5,0,0,0,48,0.8,155,6,2,875,1362,2787,12,7,19,1,0,1,haute_gamme
932,1056,0,2.2,0,6,0,2,0.4,166,6,13,527,825,3215,16,8,6,1,0,1,haute_gamme
933,1074,0,1.4,1,0,1,17,0.7,115,1,6,689,1628,401,18,11,12,1,1,0,haute_gamme
934,1772,1,0.5,0,0,1,55,0.5,149,5,0,405,727,3346,17,2,18,1,1,1,haute_gamme
936,1387,1,1.0,0,0,1,3,0.9,154,6,5,75,655,2909,19,1,4,1,1,0,haute_gamme
942,1595,1,1.1,0,4,1,31,0.1,101,3,7,824,1052,2875,16,13,13,1,1,0,haute_gamme
943,708,0,2.4,1,0,0,56,0.7,104,7,1,999,1695,1920,7,3,11,1,1,0,haute_gamme
944,726,1,0.5,1,1,1,6,0.7,183,5,2,114,628,1653,8,5,17,1,0,1,haute_gamme
946,643,0,2.6,0,0,1,8,0.3,115,4,4,724,1175,3740,8,7,13,1,0,1,haute_gamme
947,871,1,1.7,1,0,0,56,0.6,124,6,2,483,1045,1794,13,4,4,1,1,0,haute_gamme
951,544,0,1.6,0,5,1,39,0.1,91,6,7,101,718,3262,19,7,19,1,1,0,haute_gamme
957,937,1,1.5,0,2,1,44,0.8,133,4,6,919,1782,493,9,7,15,1,0,1,haute_gamme
959,1066,1,0.9,0,4,0,43,0.4,101,6,11,876,880,3856,14,0,6,1,0,1,haute_gamme
961,710,1,2.3,1,1,1,24,0.4,153,2,3,1714,1895,3678,18,4,18,1,1,1,haute_gamme
963,700,1,1.3,0,2,0,40,0.1,150,8,11,612,1325,2537,15,10,8,1,1,1,haute_gamme
967,1401,0,2.7,0,0,0,16,0.1,187,5,4,975,1028,2668,11,8,20,1,0,0,haute_gamme
973,1198,1,0.5,1,0,0,31,0.6,125,7,7,546,1223,2777,16,3,20,1,0,0,haute_gamme
974,1796,1,0.5,0,0,0,44,0.2,169,4,4,841,1803,1378,12,0,13,1,0,1,haute_gamme
977,958,0,0.5,1,0,1,47,0.7,116,8,0,300,501,1706,6,2,2,1,1,0,haute_gamme
978,1882,1,2.1,1,0,0,17,0.1,127,8,5,280,1171,2996,9,6,3,1,0,0,haute_gamme
983,1998,1,0.5,0,6,0,47,0.2,182,4,7,1603,1837,3918,9,4,9,1,0,1,haute_gamme
989,1653,1,1.3,0,0,0,49,0.7,99,7,4,206,936,377,9,7,10,1,0,0,haute_gamme
990,635,1,1.9,1,0,1,57,1.0,136,6,11,1257,1597,3954,15,4,20,1,1,0,haute_gamme
991,1807,0,1.2,0,4,0,37,0.8,162,1,11,246,932,2741,7,1,9,1,1,1,haute_gamme
993,1895,0,0.5,1,0,1,62,0.9,99,2,0,1019,1698,2563,10,8,13,1,0,1,haute_gamme
995,936,1,1.4,1,0,0,46,0.8,139,2,0,265,886,684,8,5,12,1,1,1,haute_gamme
998,1185,0,1.4,0,1,1,8,0.5,80,1,12,477,825,1223,5,0,14,1,0,0,haute_gamme
